ID,classID,class,kW,zenfuka,heater_A,kidoID,kido,syadanID,syadan,bunki
1,1,200V,0.1,0.7,0.7,1,直入,1,1.5,"NF30-FA 5"
2,1,200V,0.2,1.2,1.3,1,直入,2,2.5,"NF30-FA 5"
3,1,200V,0.4,2.1,2.1,1,直入,2,2.5,"NF30-FA 10"
4,1,200V,0.75,3.7,3.6,1,直入,2,2.5,"NF30-FA 15"
5,1,200V,1.5,6.4,6.6,1,直入,2,2.5,"NF30-FA 30"
6,1,200V,2.2,9.1,9,1,直入,2,2.5,"NF30-FA 30"
7,1,200V,3.7,15,15,1,直入,2,2.5,"NF50-FA 50"
8,1,200V,5.5,22,22,1,直入,2,2.5,☆
9,1,200V,7.5,29,29,1,直入,2,2.5,☆
10,1,200V,11,44,42,1,直入,2,2.5,☆
11,1,200V,15,55,54,1,直入,2,2.5,☆
12,1,200V,0.1,0.7,0.7,1,直入,2,2.5,"NF30-CS (3)"
13,1,200V,0.2,1.2,1.3,1,直入,2,2.5,"NF30-CS (3)"
14,1,200V,0.4,2.1,2.1,1,直入,2,2.5,"NF30-CS 5"
15,1,200V,0.75,3.7,3.6,1,直入,2,2.5,"NF30-CS 10"
16,1,200V,1.5,6.4,6.6,1,直入,2,2.5,"NF30-CS 15"
17,1,200V,2.2,9.1,9,1,直入,2,2.5,"NF30-CS 20"
18,1,200V,3.7,15,15,1,直入,2,2.5,"NF30-CS 30"
19,1,200V,5.5,22,22,1,直入,2,2.5,☆
20,1,200V,7.5,29,29,1,直入,2,2.5,☆
21,1,200V,11,44,42,1,直入,2,2.5,☆
22,1,200V,15,55,54,1,直入,2,2.5,☆
23,1,200V,18.5,67,67,1,直入,2,2.5,☆
24,1,200V,22,85,82,1,直入,2,2.5,☆
25,1,200V,30,110,105,1,直入,2,2.5,☆
26,1,200V,37,130,125,1,直入,2,2.5,☆
27,1,200V,45,164,150,1,直入,2,2.5,☆
28,1,200V,55,195,180,1,直入,2,2.5,☆
29,1,200V,75,267,250,1,直入,2,2.5,☆
30,1,200V,90,320,330,1,直入,2,2.5,☆
31,1,200V,110,385,330,1,直入,2,2.5,☆
32,1,200V,132,470,500,1,直入,2,2.5,☆
33,1,200V,160,580,500,1,直入,2,2.5,☆
34,1,200V,200,720,600,1,直入,2,2.5,☆
35,1,200V,0.1,0.7,0.7,1,直入,3,5,"NF30-KC (3)"
36,1,200V,0.2,1.2,1.3,1,直入,3,5,"NF30-KC (3)"
37,1,200V,0.4,2.1,2.1,1,直入,3,5,"NF30-KC 5"
38,1,200V,0.75,3.7,3.6,1,直入,3,5,"NF30-KC 10"
39,1,200V,1.5,6.4,6.6,1,直入,3,5,"NF30-KC 15"
40,1,200V,2.2,9.1,9,1,直入,3,5,"NF30-KC 20"
41,1,200V,3.7,15,15,1,直入,3,5,"NF30-KC 30"
42,1,200V,5.5,22,22,1,直入,3,5,"NF50-KC 50"
43,1,200V,7.5,29,29,1,直入,3,5,"NF100-KC 60"
44,1,200V,11,44,42,1,直入,3,5,"NF100-KC 100"
45,1,200V,15,55,54,1,直入,3,5,☆
46,1,200V,18.5,67,67,1,直入,3,5,☆
47,1,200V,22,85,82,1,直入,3,5,☆
48,1,200V,30,110,105,1,直入,3,5,☆
49,1,200V,37,130,125,1,直入,3,5,☆
50,1,200V,45,164,150,1,直入,3,5,☆
51,1,200V,55,195,180,1,直入,3,5,☆
52,1,200V,75,267,250,1,直入,3,5,☆
53,1,200V,90,320,330,1,直入,3,5,☆
54,1,200V,110,385,330,1,直入,3,5,☆
55,1,200V,132,470,500,1,直入,3,5,☆
56,1,200V,160,580,500,1,直入,3,5,☆
57,1,200V,200,720,600,1,直入,3,5,☆
58,1,200V,0.1,0.7,0.7,1,直入,4,7.5,"NF32-SV (3)"
59,1,200V,0.2,1.2,1.3,1,直入,4,7.5,"NF32-SV (3)"
60,1,200V,0.4,2.1,2.1,1,直入,4,7.5,"NF32-SV 5"
61,1,200V,0.75,3.7,3.6,1,直入,4,7.5,"NF32-SV 10"
62,1,200V,1.5,6.4,6.6,1,直入,4,7.5,"NF32-SV 15"
63,1,200V,2.2,9.1,9,1,直入,4,7.5,"NF32-SV 20"
64,1,200V,3.7,15,15,1,直入,4,7.5,"NF32-SV 30"
65,1,200V,5.5,22,22,1,直入,4,7.5,"NF63-CV 50"
66,1,200V,7.5,29,29,1,直入,4,7.5,"NF63-CV 60"
67,1,200V,11,44,42,1,直入,4,7.5,☆
68,1,200V,15,55,54,1,直入,4,7.5,☆
69,1,200V,18.5,67,67,1,直入,4,7.5,☆
70,1,200V,22,85,82,1,直入,4,7.5,☆
71,1,200V,30,110,105,1,直入,4,7.5,☆
72,1,200V,37,130,125,1,直入,4,7.5,☆
73,1,200V,45,164,150,1,直入,4,7.5,☆
74,1,200V,55,195,180,1,直入,4,7.5,☆
75,1,200V,75,267,250,1,直入,4,7.5,☆
76,1,200V,90,320,330,1,直入,4,7.5,☆
77,1,200V,110,385,330,1,直入,4,7.5,☆
78,1,200V,132,470,500,1,直入,4,7.5,☆
79,1,200V,160,580,500,1,直入,4,7.5,☆
80,1,200V,200,720,600,1,直入,4,7.5,☆
81,1,200V,0.1,0.7,0.7,1,直入,5,10,☆
82,1,200V,0.2,1.2,1.3,1,直入,5,10,☆
83,1,200V,0.4,2.1,2.1,1,直入,5,10,☆
84,1,200V,0.75,3.7,3.6,1,直入,5,10,☆
85,1,200V,1.5,6.4,6.6,1,直入,5,10,☆
86,1,200V,2.2,9.1,9,1,直入,5,10,☆
87,1,200V,3.7,15,15,1,直入,5,10,☆
88,1,200V,5.5,22,22,1,直入,5,10,☆
89,1,200V,7.5,29,29,1,直入,5,10,☆
90,1,200V,11,44,42,1,直入,5,10,☆
91,1,200V,15,55,54,1,直入,5,10,☆
92,1,200V,18.5,67,67,1,直入,5,10,☆
93,1,200V,22,85,82,1,直入,5,10,☆
94,1,200V,30,110,105,1,直入,5,10,☆
95,1,200V,37,130,125,1,直入,5,10,☆
96,1,200V,45,164,150,1,直入,5,10,☆
97,1,200V,55,195,180,1,直入,5,10,☆
98,1,200V,75,267,250,1,直入,5,10,☆
99,1,200V,90,320,330,1,直入,5,10,☆
100,1,200V,110,385,330,1,直入,5,10,☆
101,1,200V,132,470,500,1,直入,5,10,☆
102,1,200V,160,580,500,1,直入,5,10,☆
103,1,200V,200,720,600,1,直入,5,10,☆
104,1,200V,0.1,0.7,0.7,1,直入,6,15,"NF63-SV (3)"
105,1,200V,0.2,1.2,1.3,1,直入,6,15,"NF63-SV (3)"
106,1,200V,0.4,2.1,2.1,1,直入,6,15,"NF63-SV 5"
107,1,200V,0.75,3.7,3.6,1,直入,6,15,"NF63-SV 10"
108,1,200V,1.5,6.4,6.6,1,直入,6,15,"NF63-SV 15"
109,1,200V,2.2,9.1,9,1,直入,6,15,"NF63-SV 20"
110,1,200V,3.7,15,15,1,直入,6,15,"NF63-SV 30"
111,1,200V,5.5,22,22,1,直入,6,15,"NF63-SV 50"
112,1,200V,7.5,29,29,1,直入,6,15,"NF63-SV 60"
113,1,200V,11,44,42,1,直入,6,15,☆
114,1,200V,15,55,54,1,直入,6,15,☆
115,1,200V,18.5,67,67,1,直入,6,15,☆
116,1,200V,22,85,82,1,直入,6,15,☆
117,1,200V,30,110,105,1,直入,6,15,☆
118,1,200V,37,130,125,1,直入,6,15,☆
119,1,200V,45,164,150,1,直入,6,15,☆
120,1,200V,55,195,180,1,直入,6,15,☆
121,1,200V,75,267,250,1,直入,6,15,☆
122,1,200V,90,320,330,1,直入,6,15,☆
123,1,200V,110,385,330,1,直入,6,15,☆
124,1,200V,132,470,500,1,直入,6,15,☆
125,1,200V,160,580,500,1,直入,6,15,☆
126,1,200V,200,720,600,1,直入,6,15,☆
127,1,200V,0.1,0.7,0.7,1,直入,7,25,"NF63-HV (10)"
128,1,200V,0.2,1.2,1.3,1,直入,7,25,"NF63-HV (10)"
129,1,200V,0.4,2.1,2.1,1,直入,7,25,"NF63-HV 10"
130,1,200V,0.75,3.7,3.6,1,直入,7,25,"NF63-HV 10"
131,1,200V,1.5,6.4,6.6,1,直入,7,25,"NF63-HV 15"
132,1,200V,2.2,9.1,9,1,直入,7,25,"NF63-HV 20"
133,1,200V,3.7,15,15,1,直入,7,25,"NF63-HV 30"
134,1,200V,5.5,22,22,1,直入,7,25,"NF63-HV 50"
135,1,200V,7.5,29,29,1,直入,7,25,"NF63-HV 60"
136,1,200V,11,44,42,1,直入,7,25,☆
137,1,200V,15,55,54,1,直入,7,25,☆
138,1,200V,18.5,67,67,1,直入,7,25,☆
139,1,200V,22,85,82,1,直入,7,25,☆
140,1,200V,30,110,105,1,直入,7,25,☆
141,1,200V,37,130,125,1,直入,7,25,☆
142,1,200V,45,164,150,1,直入,7,25,☆
143,1,200V,55,195,180,1,直入,7,25,☆
144,1,200V,75,267,250,1,直入,7,25,☆
145,1,200V,90,320,330,1,直入,7,25,☆
146,1,200V,110,385,330,1,直入,7,25,☆
147,1,200V,132,470,500,1,直入,7,25,☆
148,1,200V,160,580,500,1,直入,7,25,☆
149,1,200V,200,720,600,1,直入,7,25,☆
150,1,200V,0.1,0.7,0.7,1,直入,8,30,☆
151,1,200V,0.2,1.2,1.3,1,直入,8,30,☆
152,1,200V,0.4,2.1,2.1,1,直入,8,30,☆
153,1,200V,0.75,3.7,3.6,1,直入,8,30,☆
154,1,200V,1.5,6.4,6.6,1,直入,8,30,☆
155,1,200V,2.2,9.1,9,1,直入,8,30,☆
156,1,200V,3.7,15,15,1,直入,8,30,☆
157,1,200V,5.5,22,22,1,直入,8,30,"NF125-CV 50"
158,1,200V,7.5,29,29,1,直入,8,30,"NF125-CV 60"
159,1,200V,11,44,42,1,直入,8,30,"NF125-CV 75"
160,1,200V,15,55,54,1,直入,8,30,"NF125-CV 100"
161,1,200V,18.5,67,67,1,直入,8,30,"NF125-CV 100"
162,1,200V,22,85,82,1,直入,9,36,"NF250-CV 150"
163,1,200V,30,110,105,1,直入,9,36,"NF250-CV 175"
164,1,200V,37,130,125,1,直入,9,36,"NF250-CV 225"
165,1,200V,45,164,150,1,直入,8,30,☆
166,1,200V,55,195,180,1,直入,8,30,☆
167,1,200V,75,267,250,1,直入,8,30,☆
168,1,200V,90,320,330,1,直入,8,30,☆
169,1,200V,110,385,330,1,直入,8,30,☆
170,1,200V,132,470,500,1,直入,8,30,☆
171,1,200V,160,580,500,1,直入,8,30,☆
172,1,200V,200,720,600,1,直入,8,30,☆
173,1,200V,0.1,0.7,0.7,1,直入,10,50,"NF125-SV (15)"
174,1,200V,0.2,1.2,1.3,1,直入,10,50,"NF125-SV (15)"
175,1,200V,0.4,2.1,2.1,1,直入,10,50,"NF125-SV (15)"
176,1,200V,0.75,3.7,3.6,1,直入,10,50,"NF125-SV (15)"
177,1,200V,1.5,6.4,6.6,1,直入,10,50,"NF125-SV (15)"
178,1,200V,2.2,9.1,9,1,直入,10,50,"NF125-SV 20"
179,1,200V,3.7,15,15,1,直入,10,50,"NF125-SV 30"
180,1,200V,5.5,22,22,1,直入,10,50,"NF125-SV 50"
181,1,200V,7.5,29,29,1,直入,10,50,"NF125-SV 60"
182,1,200V,11,44,42,1,直入,10,50,"NF125-SV 75"
183,1,200V,15,55,54,1,直入,10,50,"NF125-SV 100"
184,1,200V,18.5,67,67,1,直入,10,50,"NF125-SV 100"
185,1,200V,22,85,82,1,直入,10,50,☆
186,1,200V,30,110,105,1,直入,10,50,☆
187,1,200V,37,130,125,1,直入,10,50,☆
188,1,200V,45,164,150,1,直入,10,50,"NF400-CW 350"
189,1,200V,55,195,180,1,直入,10,50,"NF630-CW 500"
190,1,200V,75,267,250,1,直入,10,50,"NF630-CW 600"
191,1,200V,90,320,330,1,直入,10,50,"NF800-CEW 600"
192,1,200V,110,385,330,1,直入,10,50,"NF800-CEW 600"
193,1,200V,132,470,500,1,直入,10,50,☆
194,1,200V,160,580,500,1,直入,10,50,☆
195,1,200V,200,720,600,1,直入,10,50,☆
196,1,200V,0.1,0.7,0.7,1,直入,11,85,☆
197,1,200V,0.2,1.2,1.3,1,直入,11,85,☆
198,1,200V,0.4,2.1,2.1,1,直入,11,85,☆
199,1,200V,0.75,3.7,3.6,1,直入,11,85,☆
200,1,200V,1.5,6.4,6.6,1,直入,11,85,"NF63-HRV (15)"
201,1,200V,2.2,9.1,9,1,直入,11,85,"NF63-HRV 20"
202,1,200V,3.7,15,15,1,直入,11,85,"NF63-HRV 30"
203,1,200V,5.5,22,22,1,直入,11,85,"NF63-HRV 50"
204,1,200V,7.5,29,29,1,直入,11,85,☆
205,1,200V,11,44,42,1,直入,11,85,☆
206,1,200V,15,55,54,1,直入,11,85,☆
207,1,200V,18.5,67,67,1,直入,11,85,☆
208,1,200V,22,85,82,1,直入,11,85,"NF250-SV 150"
209,1,200V,30,110,105,1,直入,11,85,"NF250-SV 175"
210,1,200V,37,130,125,1,直入,11,85,"NF250-SV 225"
211,1,200V,45,164,150,1,直入,11,85,"NF400-SW 250"
212,1,200V,55,195,180,1,直入,11,85,"NF400-SW 300"
213,1,200V,75,267,250,1,直入,11,85,"NF630-SW 500"
214,1,200V,90,320,330,1,直入,11,85,"NF630-SW 600"
215,1,200V,110,385,330,1,直入,11,85,"NF630-SEW 600"
216,1,200V,132,470,500,1,直入,11,85,☆
217,1,200V,160,580,500,1,直入,11,85,☆
218,1,200V,200,720,600,1,直入,11,85,☆
219,1,200V,0.1,0.7,0.7,1,直入,12,100,"NF50-HCW (3)"
220,1,200V,0.2,1.2,1.3,1,直入,12,100,"NF125-HV (15)"
221,1,200V,0.4,2.1,2.1,1,直入,12,100,"NF50-HCW 5"
222,1,200V,0.75,3.7,3.6,1,直入,12,100,"NF125-HV (15)"
223,1,200V,1.5,6.4,6.6,1,直入,12,100,"NF125-HV 15"
224,1,200V,2.2,9.1,9,1,直入,12,100,"NF125-HV 20"
225,1,200V,3.7,15,15,1,直入,12,100,"NF125-HV 30"
226,1,200V,5.5,22,22,1,直入,12,100,"NF125-HV 50"
227,1,200V,7.5,29,29,1,直入,12,100,"NF125-HV 60"
228,1,200V,11,44,42,1,直入,12,100,"NF125-HV 75"
229,1,200V,15,55,54,1,直入,12,100,"NF125-HV 100"
230,1,200V,18.5,67,67,1,直入,12,100,"NF125-HV 100"
231,1,200V,22,85,82,1,直入,12,100,"NF250-HV 150"
232,1,200V,30,110,105,1,直入,12,100,"NF250-HV 175"
233,1,200V,37,130,125,1,直入,12,100,"NF250-HV 225"
234,1,200V,45,164,150,1,直入,12,100,"NF400-HEW 250"
235,1,200V,55,195,180,1,直入,12,100,"NF400-HEW 300"
236,1,200V,75,267,250,1,直入,12,100,"NF400-HEW 400"
237,1,200V,90,320,330,1,直入,12,100,"NF630-HEW 500"
238,1,200V,110,385,330,1,直入,12,100,"NF630-HEW 600"
239,1,200V,132,470,500,1,直入,12,100,☆
240,1,200V,160,580,500,1,直入,12,100,☆
241,1,200V,200,720,600,1,直入,12,100,☆
242,1,200V,0.1,0.7,0.7,1,直入,13,150,"NF125-RV (15)"
243,1,200V,0.2,1.2,1.3,1,直入,13,150,"NF125-RV (15)"
244,1,200V,0.4,2.1,2.1,1,直入,13,150,"NF125-RV (15)"
245,1,200V,0.75,3.7,3.6,1,直入,13,150,"NF125-RV (15)"
246,1,200V,1.5,6.4,6.6,1,直入,13,150,"NF125-RV (15)"
247,1,200V,2.2,9.1,9,1,直入,13,150,"NF125-RV 20"
248,1,200V,3.7,15,15,1,直入,13,150,"NF125-RV 30"
249,1,200V,5.5,22,22,1,直入,13,150,"NF125-RV 50"
250,1,200V,7.5,29,29,1,直入,13,150,"NF125-RV 60"
251,1,200V,11,44,42,1,直入,13,150,"NF125-RV 75"
252,1,200V,15,55,54,1,直入,13,150,"NF125-RV 100"
253,1,200V,18.5,67,67,1,直入,13,150,"NF125-RV 100"
254,1,200V,22,85,82,1,直入,13,150,"NF250-RV 150"
255,1,200V,30,110,105,1,直入,13,150,"NF250-RV 175"
256,1,200V,37,130,125,1,直入,13,150,"NF250-RV 225"
257,1,200V,45,164,150,1,直入,13,150,"NF400-REV 250"
258,1,200V,55,195,180,1,直入,13,150,"NF400-REV 300"
259,1,200V,75,267,250,1,直入,13,150,"NF400-REV 400"
260,1,200V,90,320,330,1,直入,13,150,"NF630-REV 500"
261,1,200V,110,385,330,1,直入,13,150,"NF630-REV 600"
262,1,200V,132,470,500,1,直入,29,125,"NF1000-SEW 700"
263,1,200V,160,580,500,1,直入,29,125,"NF1250-SEW 800"
264,1,200V,200,720,600,1,直入,29,125,"NF1600-SEW 1000"
265,1,200V,0.1,0.7,0.7,1,直入,15,200,"NF125-UV (15)"
266,1,200V,0.2,1.2,1.3,1,直入,15,200,"NF125-UV (15)"
267,1,200V,0.4,2.1,2.1,1,直入,15,200,"NF125-UV (15)"
268,1,200V,0.75,3.7,3.6,1,直入,15,200,"NF125-UV (15)"
269,1,200V,1.5,6.4,6.6,1,直入,15,200,"NF125-UV (15)"
270,1,200V,2.2,9.1,9,1,直入,15,200,"NF125-UV 20"
271,1,200V,3.7,15,15,1,直入,15,200,"NF125-UV 30"
272,1,200V,5.5,22,22,1,直入,15,200,"NF125-UV 50"
273,1,200V,7.5,29,29,1,直入,15,200,"NF125-UV 60"
274,1,200V,11,44,42,1,直入,15,200,"NF125-UV 75"
275,1,200V,15,55,54,1,直入,15,200,"NF125-UV 100"
276,1,200V,18.5,67,67,1,直入,15,200,"NF125-UV 100"
277,1,200V,22,85,82,1,直入,15,200,"NF250-UV 150"
278,1,200V,30,110,105,1,直入,15,200,"NF250-UV 175"
279,1,200V,37,130,125,1,直入,15,200,"NF250-UV 225"
280,1,200V,45,164,150,1,直入,15,200,"NF400-UEW 250"
281,1,200V,55,195,180,1,直入,15,200,"NF400-UEW 300"
282,1,200V,75,267,250,1,直入,15,200,"NF400-UEW 400"
283,1,200V,90,320,330,1,直入,15,200,"NF800-UEW 500"
284,1,200V,110,385,330,1,直入,15,200,"NF800-UEW 600"
285,1,200V,132,470,500,1,直入,14,170,"NF1200-UR 700"
286,1,200V,160,580,500,1,直入,14,170,"NF1200-UR 800"
287,1,200V,200,720,600,1,直入,14,170,"NF1200-UR 1000"
288,1,200V,5.5,22,22,2,Y△,0,2.5,☆
289,1,200V,7.5,29,29,2,Y△,0,2.5,☆
290,1,200V,11,44,42,2,Y△,0,2.5,☆
291,1,200V,15,55,54,2,Y△,0,2.5,☆
292,1,200V,18.5,67,67,2,Y△,0,2.5,☆
293,1,200V,22,85,82,2,Y△,0,2.5,☆
294,1,200V,30,110,105,2,Y△,0,2.5,☆
295,1,200V,37,130,125,2,Y△,0,2.5,☆
296,1,200V,45,164,150,2,Y△,0,2.5,☆
297,1,200V,55,195,180,2,Y△,0,2.5,☆
298,1,200V,75,267,250,2,Y△,0,2.5,☆
299,1,200V,90,320,330,2,Y△,0,2.5,☆
300,1,200V,110,385,330,2,Y△,0,2.5,☆
301,1,200V,132,470,500,2,Y△,0,2.5,☆
302,1,200V,160,580,500,2,Y△,0,2.5,☆
303,1,200V,200,720,600,2,Y△,0,2.5,☆
304,1,200V,5.5,22,22,2,Y△,0,5,"NF50-KC 50"
305,1,200V,7.5,29,29,2,Y△,0,5,"NF100-KC 75"
306,1,200V,11,44,42,2,Y△,0,5,"NF100-KC 100"
307,1,200V,15,55,54,2,Y△,0,5,☆
308,1,200V,18.5,67,67,2,Y△,0,5,☆
309,1,200V,22,85,82,2,Y△,0,5,☆
310,1,200V,30,110,105,2,Y△,0,5,☆
311,1,200V,37,130,125,2,Y△,0,5,☆
312,1,200V,45,164,150,2,Y△,0,5,☆
313,1,200V,55,195,180,2,Y△,0,5,☆
314,1,200V,75,267,250,2,Y△,0,5,☆
315,1,200V,90,320,330,2,Y△,0,5,☆
316,1,200V,110,385,330,2,Y△,0,5,☆
317,1,200V,132,470,500,2,Y△,0,5,☆
318,1,200V,160,580,500,2,Y△,0,5,☆
319,1,200V,200,720,600,2,Y△,0,5,☆
320,1,200V,5.5,22,22,2,Y△,0,7.5,"NF63-CV 50"
321,1,200V,7.5,29,29,2,Y△,0,7.5,"NF63-CV 60"
322,1,200V,11,44,42,2,Y△,0,7.5,☆
323,1,200V,15,55,54,2,Y△,0,7.5,☆
324,1,200V,18.5,67,67,2,Y△,0,7.5,☆
325,1,200V,22,85,82,2,Y△,0,7.5,☆
326,1,200V,30,110,105,2,Y△,0,7.5,☆
327,1,200V,37,130,125,2,Y△,0,7.5,☆
328,1,200V,45,164,150,2,Y△,0,7.5,☆
329,1,200V,55,195,180,2,Y△,0,7.5,☆
330,1,200V,75,267,250,2,Y△,0,7.5,☆
331,1,200V,90,320,330,2,Y△,0,7.5,☆
332,1,200V,110,385,330,2,Y△,0,7.5,☆
333,1,200V,132,470,500,2,Y△,0,7.5,☆
334,1,200V,160,580,500,2,Y△,0,7.5,☆
335,1,200V,200,720,600,2,Y△,0,7.5,☆
336,1,200V,5.5,22,22,2,Y△,0,10,☆
337,1,200V,7.5,29,29,2,Y△,0,10,☆
338,1,200V,11,44,42,2,Y△,0,10,☆
339,1,200V,15,55,54,2,Y△,0,10,☆
340,1,200V,18.5,67,67,2,Y△,0,10,☆
341,1,200V,22,85,82,2,Y△,0,10,☆
342,1,200V,30,110,105,2,Y△,0,10,☆
343,1,200V,37,130,125,2,Y△,0,10,☆
344,1,200V,45,164,150,2,Y△,0,10,☆
345,1,200V,55,195,180,2,Y△,0,10,☆
346,1,200V,75,267,250,2,Y△,0,10,☆
347,1,200V,90,320,330,2,Y△,0,10,☆
348,1,200V,110,385,330,2,Y△,0,10,☆
349,1,200V,132,470,500,2,Y△,0,10,☆
350,1,200V,160,580,500,2,Y△,0,10,☆
351,1,200V,200,720,600,2,Y△,0,10,☆
352,1,200V,5.5,22,22,2,Y△,0,15,"NF63-SV 50"
353,1,200V,7.5,29,29,2,Y△,0,15,"NF63-SV 60"
354,1,200V,11,44,42,2,Y△,0,15,☆
355,1,200V,15,55,54,2,Y△,0,15,☆
356,1,200V,18.5,67,67,2,Y△,0,15,☆
357,1,200V,22,85,82,2,Y△,0,15,☆
358,1,200V,30,110,105,2,Y△,0,15,☆
359,1,200V,37,130,125,2,Y△,0,15,☆
360,1,200V,45,164,150,2,Y△,0,15,☆
361,1,200V,55,195,180,2,Y△,0,15,☆
362,1,200V,75,267,250,2,Y△,0,15,☆
363,1,200V,90,320,330,2,Y△,0,15,☆
364,1,200V,110,385,330,2,Y△,0,15,☆
365,1,200V,132,470,500,2,Y△,0,15,☆
366,1,200V,160,580,500,2,Y△,0,15,☆
367,1,200V,200,720,600,2,Y△,0,15,☆
368,1,200V,5.5,22,22,2,Y△,0,25,"NF63-HV 50"
369,1,200V,7.5,29,29,2,Y△,0,25,"NF63-HV 60"
370,1,200V,11,44,42,2,Y△,0,25,☆
371,1,200V,15,55,54,2,Y△,0,25,☆
372,1,200V,18.5,67,67,2,Y△,0,25,☆
373,1,200V,22,85,82,2,Y△,0,25,☆
374,1,200V,30,110,105,2,Y△,0,25,☆
375,1,200V,37,130,125,2,Y△,0,25,☆
376,1,200V,45,164,150,2,Y△,0,25,☆
377,1,200V,55,195,180,2,Y△,0,25,☆
378,1,200V,75,267,250,2,Y△,0,25,☆
379,1,200V,90,320,330,2,Y△,0,25,☆
380,1,200V,110,385,330,2,Y△,0,25,☆
381,1,200V,132,470,500,2,Y△,0,25,☆
382,1,200V,160,580,500,2,Y△,0,25,☆
383,1,200V,200,720,600,2,Y△,0,25,☆
384,1,200V,5.5,22,22,2,Y△,0,30,"NF125-CV 50"
385,1,200V,7.5,29,29,2,Y△,0,30,"NF125-CV 60"
386,1,200V,11,44,42,2,Y△,0,30,"NF125-CV 75"
387,1,200V,15,55,54,2,Y△,0,30,"NF125-CV 100"
388,1,200V,18.5,67,67,2,Y△,0,30,"NF125-CV 100"
389,1,200V,22,85,82,2,Y△,0,36,"NF250-CV 150"
390,1,200V,30,110,105,2,Y△,0,36,"NF250-CV 175"
391,1,200V,37,130,125,2,Y△,0,36,"NF250-CV 225"
392,1,200V,45,164,150,2,Y△,0,30,☆
393,1,200V,55,195,180,2,Y△,0,30,☆
394,1,200V,75,267,250,2,Y△,0,30,☆
395,1,200V,90,320,330,2,Y△,0,30,☆
396,1,200V,110,385,330,2,Y△,0,30,☆
397,1,200V,132,470,500,2,Y△,0,30,☆
398,1,200V,160,580,500,2,Y△,0,30,☆
399,1,200V,200,720,600,2,Y△,0,30,☆
400,1,200V,5.5,22,22,2,Y△,0,50,"NF125-SV 50"
401,1,200V,7.5,29,29,2,Y△,0,50,"NF125-SV 60"
402,1,200V,11,44,42,2,Y△,0,50,"NF125-SV 75"
403,1,200V,15,55,54,2,Y△,0,50,"NF125-SV 100"
404,1,200V,18.5,67,67,2,Y△,0,50,"NF125-SV 100"
405,1,200V,22,85,82,2,Y△,0,50,☆
406,1,200V,30,110,105,2,Y△,0,50,☆
407,1,200V,37,130,125,2,Y△,0,50,☆
408,1,200V,45,164,150,2,Y△,0,50,"NF400-CW 350"
409,1,200V,55,195,180,2,Y△,0,50,"NF630-CW 500"
410,1,200V,75,267,250,2,Y△,0,50,"NF630-CW 600"
411,1,200V,90,320,330,2,Y△,0,50,"NF800-CEW 600"
412,1,200V,110,385,330,2,Y△,0,50,"NF800-CEW 600"
413,1,200V,132,470,500,2,Y△,0,50,☆
414,1,200V,160,580,500,2,Y△,0,50,☆
415,1,200V,200,720,600,2,Y△,0,50,☆
416,1,200V,5.5,22,22,2,Y△,0,85,"NF63-HRV 50"
417,1,200V,7.5,29,29,2,Y△,0,85,☆
418,1,200V,11,44,42,2,Y△,0,85,☆
419,1,200V,15,55,54,2,Y△,0,85,☆
420,1,200V,18.5,67,67,2,Y△,0,85,☆
421,1,200V,22,85,82,2,Y△,0,85,"NF250-SV 150"
422,1,200V,30,110,105,2,Y△,0,85,"NF250-SV 175"
423,1,200V,37,130,125,2,Y△,0,85,"NF250-SV 225"
424,1,200V,45,164,150,2,Y△,0,85,"NF400-SW 250"
425,1,200V,55,195,180,2,Y△,0,85,"NF400-SW 300"
426,1,200V,75,267,250,2,Y△,0,85,"NF630-SW 500"
427,1,200V,90,320,330,2,Y△,0,85,"NF630-SW 600"
428,1,200V,110,385,330,2,Y△,0,85,"NF630-SEW 600"
429,1,200V,132,470,500,2,Y△,0,85,☆
430,1,200V,160,580,500,2,Y△,0,85,☆
431,1,200V,200,720,600,2,Y△,0,85,☆
432,1,200V,5.5,22,22,2,Y△,0,100,"NF125-HV 50"
433,1,200V,7.5,29,29,2,Y△,0,100,"NF125-HV 60"
434,1,200V,11,44,42,2,Y△,0,100,"NF125-HV 75"
435,1,200V,15,55,54,2,Y△,0,100,"NF125-HV 100"
436,1,200V,18.5,67,67,2,Y△,0,100,"NF125-HV 100"
437,1,200V,22,85,82,2,Y△,0,100,"NF250-HV 150"
438,1,200V,30,110,105,2,Y△,0,100,"NF250-HV 175"
439,1,200V,37,130,125,2,Y△,0,100,"NF250-HV 225"
440,1,200V,45,164,150,2,Y△,0,100,"NF400-HEW 250"
441,1,200V,55,195,180,2,Y△,0,100,"NF400-HEW 300"
442,1,200V,75,267,250,2,Y△,0,100,"NF400-HEW 400"
443,1,200V,90,320,330,2,Y△,0,100,"NF630-HEW 500"
444,1,200V,110,385,330,2,Y△,0,100,"NF630-HEW 600"
445,1,200V,132,470,500,2,Y△,0,100,☆
446,1,200V,160,580,500,2,Y△,0,100,☆
447,1,200V,200,720,600,2,Y△,0,100,☆
448,1,200V,5.5,22,22,2,Y△,0,150,"NF125-RV 50"
449,1,200V,7.5,29,29,2,Y△,0,150,"NF125-RV 60"
450,1,200V,11,44,42,2,Y△,0,150,"NF125-RV 75"
451,1,200V,15,55,54,2,Y△,0,150,"NF125-RV 100"
452,1,200V,18.5,67,67,2,Y△,0,150,"NF125-RV 100"
453,1,200V,22,85,82,2,Y△,0,150,"NF250-RV 150"
454,1,200V,30,110,105,2,Y△,0,150,"NF250-RV 175"
455,1,200V,37,130,125,2,Y△,0,150,"NF250-RV 225"
456,1,200V,45,164,150,2,Y△,0,150,"NF400-REW 250"
457,1,200V,55,195,180,2,Y△,0,150,"NF400-REW 300"
458,1,200V,75,267,250,2,Y△,0,150,"NF400-REW 400"
459,1,200V,90,320,330,2,Y△,0,150,"NF630-REW 500"
460,1,200V,110,385,330,2,Y△,0,150,"NF630-REW 600"
461,1,200V,132,470,500,2,Y△,0,125,"NF1000-SEW 700"
462,1,200V,160,580,500,2,Y△,0,125,"NF1250-SEW 800"
463,1,200V,200,720,600,2,Y△,0,125,"NF1600-SEW 1000"
464,1,200V,5.5,22,22,2,Y△,0,200,"NF125-UV 50"
465,1,200V,7.5,29,29,2,Y△,0,200,"NF125-UV 60"
466,1,200V,11,44,42,2,Y△,0,200,"NF125-UV 75"
467,1,200V,15,55,54,2,Y△,0,200,"NF125-UV 100"
468,1,200V,18.5,67,67,2,Y△,0,200,"NF125-UV 100"
469,1,200V,22,85,82,2,Y△,0,200,"NF250-UV 150"
470,1,200V,30,110,105,2,Y△,0,200,"NF250-UV 175"
471,1,200V,37,130,125,2,Y△,0,200,"NF250-UV 225"
472,1,200V,45,164,150,2,Y△,0,200,"NF400-UEW 250"
473,1,200V,55,195,180,2,Y△,0,200,"NF400-UEW 300"
474,1,200V,75,267,250,2,Y△,0,200,"NF400-UEW 400"
475,1,200V,90,320,330,2,Y△,0,200,"NF800-UEW 500"
476,1,200V,110,385,330,2,Y△,0,200,"NF800-UEW 600"
477,1,200V,132,470,500,2,Y△,0,170,"NF1200-UR 700"
478,1,200V,160,580,500,2,Y△,0,170,"NF1200-UR 800"
479,1,200V,200,720,600,2,Y△,0,170,"NF1200-UR 1000"
480,2,400V,0.2,0.6,0.7,1,直入,16,1.5,"NF30-KC (3)"
481,2,400V,0.4,1.1,1.3,1,直入,16,1.5,"NF30-KC (3)"
482,2,400V,0.75,1.9,1.7,1,直入,16,1.5,"NF30-KC 5"
483,2,400V,1.5,3.2,3.6,1,直入,16,1.5,"NF30-KC 10"
484,2,400V,2.2,4.6,5,1,直入,16,1.5,"NF30-KC 10"
485,2,400V,3.7,7.5,6.6,1,直入,16,1.5,"NF30-KC 20"
486,2,400V,5.5,11,11,1,直入,16,1.5,"NF30-KC 30"
487,2,400V,7.5,15,15,1,直入,16,1.5,"NF30-KC 30"
488,2,400V,11,22,22,1,直入,16,1.5,"NF50-KC 50"
489,2,400V,15,28,28,1,直入,16,1.5,☆
490,2,400V,18.5,34,35,1,直入,16,1.5,☆
491,2,400V,22,42,42,1,直入,16,1.5,☆
492,2,400V,30,55,54,1,直入,16,1.5,☆
493,2,400V,37,65,67,1,直入,16,1.5,☆
494,2,400V,45,82,82,1,直入,16,1.5,☆
495,2,400V,55,96,105,1,直入,16,1.5,☆
496,2,400V,75,134,125,1,直入,16,1.5,☆
497,2,400V,90,160,150,1,直入,16,1.5,☆
498,2,400V,110,192,180,1,直入,16,1.5,☆
499,2,400V,132,233,250,1,直入,16,1.5,☆
500,2,400V,160,290,250,1,直入,16,1.5,☆
501,2,400V,200,360,330,1,直入,16,1.5,☆
502,2,400V,220,389,0,1,直入,16,1.5,☆
503,2,400V,250,430,500,1,直入,16,1.5,☆
504,2,400V,300,500,500,1,直入,16,1.5,☆
505,2,400V,0.2,0.6,0.7,1,直入,16,1.5,"NF30-CS (3)"
506,2,400V,0.4,1.1,1.3,1,直入,16,1.5,"NF30-CS (3)"
507,2,400V,0.75,1.9,1.7,1,直入,16,1.5,"NF30-CS 5"
508,2,400V,1.5,3.2,3.6,1,直入,16,1.5,"NF30-CS 10"
509,2,400V,2.2,4.6,5,1,直入,16,1.5,"NF30-CS 10"
510,2,400V,3.7,7.5,6.6,1,直入,16,1.5,"NF30-CS 20"
511,2,400V,5.5,11,11,1,直入,16,1.5,"NF30-CS 30"
512,2,400V,7.5,15,15,1,直入,16,1.5,"NF30-CS 30"
513,2,400V,11,22,22,1,直入,16,1.5,"NF50-CS 50"
514,2,400V,15,28,28,1,直入,16,1.5,☆
515,2,400V,18.5,34,35,1,直入,16,1.5,☆
516,2,400V,22,42,42,1,直入,16,1.5,☆
517,2,400V,30,55,54,1,直入,16,1.5,☆
518,2,400V,37,65,67,1,直入,16,1.5,☆
519,2,400V,45,82,82,1,直入,16,1.5,☆
520,2,400V,55,96,105,1,直入,16,1.5,☆
521,2,400V,75,134,125,1,直入,16,1.5,☆
522,2,400V,90,160,150,1,直入,16,1.5,☆
523,2,400V,110,192,180,1,直入,16,1.5,☆
524,2,400V,132,233,250,1,直入,16,1.5,☆
525,2,400V,160,290,250,1,直入,16,1.5,☆
526,2,400V,200,360,330,1,直入,16,1.5,☆
527,2,400V,220,389,0,1,直入,16,1.5,☆
528,2,400V,250,430,500,1,直入,16,1.5,☆
529,2,400V,300,500,500,1,直入,16,1.5,☆
530,2,400V,0.2,0.6,0.7,1,直入,17,2.5,"NF32-SV (3)"
531,2,400V,0.4,1.1,1.3,1,直入,17,2.5,"NF32-SV (3)"
532,2,400V,0.75,1.9,1.7,1,直入,17,2.5,"NF32-SV 5"
533,2,400V,1.5,3.2,3.6,1,直入,17,2.5,"NF32-SV 10"
534,2,400V,2.2,4.6,5,1,直入,17,2.5,"NF32-SV 10"
535,2,400V,3.7,7.5,6.6,1,直入,17,2.5,"NF32-SV 20"
536,2,400V,5.5,11,11,1,直入,17,2.5,"NF32-SV 30"
537,2,400V,7.5,15,15,1,直入,17,2.5,"NF32-SV 30"
538,2,400V,11,22,22,1,直入,17,2.5,"NF63-CV 50"
539,2,400V,15,28,28,1,直入,17,2.5,"NF63-CV 60"
540,2,400V,18.5,34,35,1,直入,17,2.5,"NF63-CV 60"
541,2,400V,22,42,42,1,直入,17,2.5,☆
542,2,400V,30,55,54,1,直入,17,2.5,☆
543,2,400V,37,65,67,1,直入,17,2.5,☆
544,2,400V,45,82,82,1,直入,17,2.5,☆
545,2,400V,55,96,105,1,直入,17,2.5,☆
546,2,400V,75,134,125,1,直入,17,2.5,☆
547,2,400V,90,160,150,1,直入,17,2.5,☆
548,2,400V,110,192,180,1,直入,17,2.5,☆
549,2,400V,132,233,250,1,直入,17,2.5,☆
550,2,400V,160,290,250,1,直入,17,2.5,☆
551,2,400V,200,360,330,1,直入,17,2.5,☆
552,2,400V,220,389,0,1,直入,17,2.5,☆
553,2,400V,250,430,500,1,直入,17,2.5,☆
554,2,400V,300,500,500,1,直入,17,2.5,☆
555,2,400V,0.2,0.6,0.7,1,直入,18,7.5,"NF63-SV (3)"
556,2,400V,0.4,1.1,1.3,1,直入,18,7.5,"NF63-SV (3)"
557,2,400V,0.75,1.9,1.7,1,直入,18,7.5,"NF63-SV 5"
558,2,400V,1.5,3.2,3.6,1,直入,18,7.5,"NF63-SV 10"
559,2,400V,2.2,4.6,5,1,直入,18,7.5,"NF63-SV 10"
560,2,400V,3.7,7.5,6.6,1,直入,18,7.5,"NF63-SV 20"
561,2,400V,5.5,11,11,1,直入,18,7.5,"NF63-SV 30"
562,2,400V,7.5,15,15,1,直入,18,7.5,"NF63-SV 30"
563,2,400V,11,22,22,1,直入,18,7.5,"NF63-SV 50"
564,2,400V,15,28,28,1,直入,18,7.5,"NF63-SV 60"
565,2,400V,18.5,34,35,1,直入,18,7.5,"NF63-SV 60"
566,2,400V,22,42,42,1,直入,18,7.5,☆
567,2,400V,30,55,54,1,直入,18,7.5,☆
568,2,400V,37,65,67,1,直入,18,7.5,☆
569,2,400V,45,82,82,1,直入,18,7.5,☆
570,2,400V,55,96,105,1,直入,18,7.5,☆
571,2,400V,75,134,125,1,直入,18,7.5,☆
572,2,400V,90,160,150,1,直入,18,7.5,☆
573,2,400V,110,192,180,1,直入,18,7.5,☆
574,2,400V,132,233,250,1,直入,18,7.5,☆
575,2,400V,160,290,250,1,直入,18,7.5,☆
576,2,400V,200,360,330,1,直入,18,7.5,☆
577,2,400V,220,389,0,1,直入,18,7.5,☆
578,2,400V,250,430,500,1,直入,18,7.5,☆
579,2,400V,300,500,500,1,直入,18,7.5,☆
580,2,400V,0.2,0.6,0.7,1,直入,19,10,"NF63-HV (10)"
581,2,400V,0.4,1.1,1.3,1,直入,19,10,"NF63-HV (10)"
582,2,400V,0.75,1.9,1.7,1,直入,19,10,"NF63-HV (10)"
583,2,400V,1.5,3.2,3.6,1,直入,19,10,"NF63-HV (10)"
584,2,400V,2.2,4.6,5,1,直入,19,10,"NF63-HV (10)"
585,2,400V,3.7,7.5,6.6,1,直入,19,10,"NF63-HV 20"
586,2,400V,5.5,11,11,1,直入,19,10,"NF63-HV 30"
587,2,400V,7.5,15,15,1,直入,19,10,"NF63-HV 30"
588,2,400V,11,22,22,1,直入,19,10,"NF63-HV 50"
589,2,400V,15,28,28,1,直入,19,10,"NF63-HV 60"
590,2,400V,18.5,34,35,1,直入,19,10,"NF125-SV 60"
591,2,400V,22,42,42,1,直入,19,10,"NF125-SV 75"
592,2,400V,30,55,54,1,直入,19,10,"NF125-SV 100"
593,2,400V,37,65,67,1,直入,19,10,"NF125-SV 100"
594,2,400V,45,82,82,1,直入,19,10,☆
595,2,400V,55,96,105,1,直入,19,10,☆
596,2,400V,75,134,125,1,直入,19,10,☆
597,2,400V,90,160,150,1,直入,19,10,☆
598,2,400V,110,192,180,1,直入,19,10,☆
599,2,400V,132,233,250,1,直入,19,10,☆
600,2,400V,160,290,250,1,直入,19,10,☆
601,2,400V,200,360,330,1,直入,19,10,☆
602,2,400V,220,389,0,1,直入,19,10,☆
603,2,400V,250,430,500,1,直入,19,10,☆
604,2,400V,300,500,500,1,直入,19,10,☆
605,2,400V,0.2,0.6,0.7,1,直入,20,25,☆
606,2,400V,0.4,1.1,1.3,1,直入,20,25,☆
607,2,400V,0.75,1.9,1.7,1,直入,20,25,☆
608,2,400V,1.5,3.2,3.6,1,直入,20,25,☆
609,2,400V,2.2,4.6,5,1,直入,20,25,☆
610,2,400V,3.7,7.5,6.6,1,直入,20,25,☆
611,2,400V,5.5,11,11,1,直入,20,25,☆
612,2,400V,7.5,15,15,1,直入,20,25,☆
613,2,400V,11,22,22,1,直入,20,25,☆
614,2,400V,15,28,28,1,直入,20,25,☆
615,2,400V,18.5,34,35,1,直入,20,25,☆
616,2,400V,22,42,42,1,直入,20,25,☆
617,2,400V,30,55,54,1,直入,20,25,☆
618,2,400V,37,65,67,1,直入,20,25,☆
619,2,400V,45,82,82,1,直入,20,25,"NF250-CV 125"
620,2,400V,55,96,105,1,直入,20,25,"NF250-CV 175"
621,2,400V,75,134,125,1,直入,20,25,"NF250-CV 225"
622,2,400V,90,160,150,1,直入,20,25,☆
623,2,400V,110,192,180,1,直入,20,25,☆
624,2,400V,132,233,250,1,直入,20,25,☆
625,2,400V,160,290,250,1,直入,20,25,☆
626,2,400V,200,360,330,1,直入,20,25,☆
627,2,400V,220,389,0,1,直入,20,25,☆
628,2,400V,250,430,500,1,直入,20,25,☆
629,2,400V,300,500,500,1,直入,20,25,☆
630,2,400V,0.2,0.6,0.7,1,直入,21,30,"NF125-SV (15)"
631,2,400V,0.4,1.1,1.3,1,直入,21,30,"NF125-SV (15)"
632,2,400V,0.75,1.9,1.7,1,直入,21,30,"NF125-SV (15)"
633,2,400V,1.5,3.2,3.6,1,直入,21,30,"NF125-SV (15)"
634,2,400V,2.2,4.6,5,1,直入,21,30,"NF125-SV (15)"
635,2,400V,3.7,7.5,6.6,1,直入,21,30,"NF125-SV 20"
636,2,400V,5.5,11,11,1,直入,21,30,"NF125-SV 30"
637,2,400V,7.5,15,15,1,直入,21,30,"NF125-SV 30"
638,2,400V,11,22,22,1,直入,21,30,"NF125-SV 50"
639,2,400V,15,28,28,1,直入,21,30,"NF125-SV 60"
640,2,400V,18.5,34,35,1,直入,21,30,"NF125-SV 60"
641,2,400V,22,42,42,1,直入,21,30,"NF125-SV 75"
642,2,400V,30,55,54,1,直入,21,30,"NF125-SV 100"
643,2,400V,37,65,67,1,直入,21,30,"NF125-SV 100"
644,2,400V,45,82,82,1,直入,22,36,"NF250-SV 125"
645,2,400V,55,96,105,1,直入,22,36,"NF250-SV 175"
646,2,400V,75,134,125,1,直入,22,36,"NF250-SV 225"
647,2,400V,90,160,150,1,直入,22,36,"NF250-SEW 225"
648,2,400V,110,192,180,1,直入,21,30,☆
649,2,400V,132,233,250,1,直入,21,30,☆
650,2,400V,160,290,250,1,直入,21,30,☆
651,2,400V,200,360,330,1,直入,21,30,☆
652,2,400V,220,389,0,1,直入,21,30,☆
653,2,400V,250,430,500,1,直入,21,30,☆
654,2,400V,300,500,500,1,直入,21,30,☆
655,2,400V,0.2,0.6,0.7,1,直入,21,30,☆
656,2,400V,0.4,1.1,1.3,1,直入,21,30,☆
657,2,400V,0.75,1.9,1.7,1,直入,21,30,☆
658,2,400V,1.5,3.2,3.6,1,直入,21,30,☆
659,2,400V,2.2,4.6,5,1,直入,21,30,☆
660,2,400V,3.7,7.5,6.6,1,直入,21,30,"NF63-HRV 20"
661,2,400V,5.5,11,11,1,直入,21,30,"NF63-HRV 30"
662,2,400V,7.5,15,15,1,直入,21,30,"NF63-HRV 30"
663,2,400V,11,22,22,1,直入,21,30,"NF63-HRV 50"
664,2,400V,15,28,28,1,直入,21,30,☆
665,2,400V,18.5,34,35,1,直入,21,30,☆
666,2,400V,22,42,42,1,直入,21,30,☆
667,2,400V,30,55,54,1,直入,21,30,☆
668,2,400V,37,65,67,1,直入,21,30,☆
669,2,400V,45,82,82,1,直入,21,30,☆
670,2,400V,55,96,105,1,直入,21,30,☆
671,2,400V,75,134,125,1,直入,21,30,☆
672,2,400V,90,160,150,1,直入,21,30,☆
673,2,400V,110,192,180,1,直入,21,30,☆
674,2,400V,132,233,250,1,直入,21,30,☆
675,2,400V,160,290,250,1,直入,21,30,☆
676,2,400V,200,360,330,1,直入,21,30,☆
677,2,400V,220,389,0,1,直入,21,30,☆
678,2,400V,250,430,500,1,直入,21,30,☆
679,2,400V,300,500,500,1,直入,21,30,☆
680,2,400V,0.2,0.6,0.7,1,直入,24,50,"NF125-HV (15)"
681,2,400V,0.4,1.1,1.3,1,直入,24,50,"NF125-HV (15)"
682,2,400V,0.75,1.9,1.7,1,直入,24,50,"NF125-HV (15)"
683,2,400V,1.5,3.2,3.6,1,直入,24,50,"NF125-HV (15)"
684,2,400V,2.2,4.6,5,1,直入,24,50,"NF125-HV (15)"
685,2,400V,3.7,7.5,6.6,1,直入,24,50,"NF125-HV 20"
686,2,400V,5.5,11,11,1,直入,24,50,"NF125-HV 30"
687,2,400V,7.5,15,15,1,直入,24,50,"NF125-HV 30"
688,2,400V,11,22,22,1,直入,24,50,"NF125-HV 50"
689,2,400V,15,28,28,1,直入,24,50,"NF125-HV 60"
690,2,400V,18.5,34,35,1,直入,24,50,"NF125-HV 60"
691,2,400V,22,42,42,1,直入,24,50,"NF125-HV 75"
692,2,400V,30,55,54,1,直入,24,50,"NF125-HV 100"
693,2,400V,37,65,67,1,直入,24,50,"NF125-HV 100"
694,2,400V,45,82,82,1,直入,24,50,☆
695,2,400V,55,96,105,1,直入,24,50,☆
696,2,400V,75,134,125,1,直入,24,50,☆
697,2,400V,90,160,150,1,直入,24,50,☆
698,2,400V,110,192,180,1,直入,23,45,"NF400-SW 350"
699,2,400V,132,233,250,1,直入,23,45,"NF400-SW 400"
700,2,400V,160,290,250,1,直入,24,50,"NF630-SW 500"
701,2,400V,200,360,330,1,直入,24,50,"NF630-SW 600"
702,2,400V,220,389,0,1,直入,24,50,"NF630-SW 600"
703,2,400V,250,430,500,1,直入,24,50,"NF630-SEW 600"
704,2,400V,300,500,500,1,直入,24,50,"NF800-SEW 700"
705,2,400V,0.2,0.6,0.7,1,直入,25,70,"NF50-HCW (3)"
706,2,400V,0.4,1.1,1.3,1,直入,25,70,"NF50-HCW (3)"
707,2,400V,0.75,1.9,1.7,1,直入,25,70,"NF50-HCW 5"
708,2,400V,1.5,3.2,3.6,1,直入,25,70,"NF50-HCW 8"
709,2,400V,2.2,4.6,5,1,直入,25,70,"NF50-HCW 8"
710,2,400V,3.7,7.5,6.6,1,直入,25,70,☆
711,2,400V,5.5,11,11,1,直入,25,70,☆
712,2,400V,7.5,15,15,1,直入,25,70,☆
713,2,400V,11,22,22,1,直入,25,70,☆
714,2,400V,15,28,28,1,直入,25,70,☆
715,2,400V,18.5,34,35,1,直入,25,70,☆
716,2,400V,22,42,42,1,直入,25,70,☆
717,2,400V,30,55,54,1,直入,25,70,☆
718,2,400V,37,65,67,1,直入,25,70,☆
719,2,400V,45,82,82,1,直入,25,70,"NF250-HV 125"
720,2,400V,55,96,105,1,直入,25,70,"NF250-HV 150"
721,2,400V,75,134,125,1,直入,25,70,"NF250-HV 175"
722,2,400V,90,160,150,1,直入,25,70,"NF250-HV 225"
723,2,400V,110,192,180,1,直入,25,70,"NF400-HEW 300"
724,2,400V,132,233,250,1,直入,25,70,"NF400-HEW 400"
725,2,400V,160,290,250,1,直入,25,70,"NF630-HEW 500"
726,2,400V,200,360,330,1,直入,25,70,"NF630-HEW 600"
727,2,400V,220,389,0,1,直入,25,70,"NF630-HEW 600"
728,2,400V,250,430,500,1,直入,25,70,"NF630-HEW 600"
729,2,400V,300,500,500,1,直入,25,70,"NF800-HEW 700"
730,2,400V,0.2,0.6,0.7,1,直入,27,150,"NF125-RV (15)"
731,2,400V,0.4,1.1,1.3,1,直入,27,150,"NF125-RV (15)"
732,2,400V,0.75,1.9,1.7,1,直入,27,150,"NF125-RV (15)"
733,2,400V,1.5,3.2,3.6,1,直入,27,150,"NF125-RV (15)"
734,2,400V,2.2,4.6,5,1,直入,27,150,"NF125-RV (15)"
735,2,400V,3.7,7.5,6.6,1,直入,27,150,"NF125-RV 20"
736,2,400V,5.5,11,11,1,直入,27,150,"NF125-RV 30"
737,2,400V,7.5,15,15,1,直入,27,150,"NF125-RV 30"
738,2,400V,11,22,22,1,直入,27,150,"NF125-RV 50"
739,2,400V,15,28,28,1,直入,27,150,"NF125-RV 60"
740,2,400V,18.5,34,35,1,直入,27,150,"NF125-RV 60"
741,2,400V,22,42,42,1,直入,27,150,"NF125-RV 75"
742,2,400V,30,55,54,1,直入,27,150,"NF125-RV 100"
743,2,400V,37,65,67,1,直入,27,150,"NF125-RV 100"
744,2,400V,45,82,82,1,直入,27,150,"NF250-RV 125"
745,2,400V,55,96,105,1,直入,27,150,"NF250-RV 175"
746,2,400V,75,134,125,1,直入,27,150,"NF250-RV 225"
747,2,400V,90,160,150,1,直入,26,125,"NF400-REW 225"
748,2,400V,110,192,180,1,直入,26,125,"NF400-REW 300"
749,2,400V,132,233,250,1,直入,26,125,"NF400-REW 400"
750,2,400V,160,290,250,1,直入,26,125,"NF630-REW 500"
751,2,400V,200,360,330,1,直入,26,125,"NF630-REW 600"
752,2,400V,220,389,0,1,直入,26,125,"NF630-REW 600"
753,2,400V,250,430,500,1,直入,26,125,"NF630-REW 600"
754,2,400V,300,500,500,1,直入,26,125,"NF800-REW 700"
755,2,400V,0.2,0.6,0.7,1,直入,28,200,"NF125-UV (15)"
756,2,400V,0.4,1.1,1.3,1,直入,28,200,"NF125-UV (15)"
757,2,400V,0.75,1.9,1.7,1,直入,28,200,"NF125-UV (15)"
758,2,400V,1.5,3.2,3.6,1,直入,28,200,"NF125-UV (15)"
759,2,400V,2.2,4.6,5,1,直入,28,200,"NF125-UV (15)"
760,2,400V,3.7,7.5,6.6,1,直入,28,200,"NF125-UV 20"
761,2,400V,5.5,11,11,1,直入,28,200,"NF125-UV 30"
762,2,400V,7.5,15,15,1,直入,28,200,"NF125-UV 30"
763,2,400V,11,22,22,1,直入,28,200,"NF125-UV 50"
764,2,400V,15,28,28,1,直入,28,200,"NF125-UV 60"
765,2,400V,18.5,34,35,1,直入,28,200,"NF125-UV 60"
766,2,400V,22,42,42,1,直入,28,200,"NF125-UV 75"
767,2,400V,30,55,54,1,直入,28,200,"NF125-UV 100"
768,2,400V,37,65,67,1,直入,28,200,"NF125-UV 100"
769,2,400V,45,82,82,1,直入,28,200,"NF250-UV 125"
770,2,400V,55,96,105,1,直入,28,200,"NF250-UV 175"
771,2,400V,75,134,125,1,直入,28,200,"NF250-UV 225"
772,2,400V,90,160,150,1,直入,28,200,"NF400-UEW 225"
773,2,400V,110,192,180,1,直入,28,200,"NF400-UEW 300"
774,2,400V,132,233,250,1,直入,28,200,"NF400-UEW 400"
775,2,400V,160,290,250,1,直入,28,200,"NF800-UEW 500"
776,2,400V,200,360,330,1,直入,28,200,"NF800-UEW 600"
777,2,400V,220,389,0,1,直入,28,200,"NF800-UEW 600"
778,2,400V,250,430,500,1,直入,28,200,"NF800-UEW 700"
779,2,400V,300,500,500,1,直入,28,200,"NF800-UEW 700"
780,2,400V,5.5,11,11,2,Y△,16,1.5,☆
781,2,400V,7.5,15,15,2,Y△,16,1.5,☆
782,2,400V,11,22,22,2,Y△,16,1.5,☆
783,2,400V,15,28,28,2,Y△,16,1.5,☆
784,2,400V,18.5,34,35,2,Y△,16,1.5,☆
785,2,400V,22,42,42,2,Y△,16,1.5,☆
786,2,400V,30,55,54,2,Y△,16,1.5,☆
787,2,400V,37,65,67,2,Y△,16,1.5,☆
788,2,400V,45,82,82,2,Y△,16,1.5,☆
789,2,400V,55,96,105,2,Y△,16,1.5,☆
790,2,400V,75,134,125,2,Y△,16,1.5,☆
791,2,400V,90,160,150,2,Y△,16,1.5,☆
792,2,400V,110,192,180,2,Y△,16,1.5,☆
793,2,400V,132,233,250,2,Y△,16,1.5,☆
794,2,400V,160,290,250,2,Y△,16,1.5,☆
795,2,400V,200,360,330,2,Y△,16,1.5,☆
796,2,400V,220,389,0,2,Y△,16,1.5,☆
797,2,400V,250,430,500,2,Y△,16,1.5,☆
798,2,400V,300,500,500,2,Y△,16,1.5,☆
799,2,400V,5.5,11,11,2,Y△,17,2.5,"NF63-CV 30"
800,2,400V,7.5,15,15,2,Y△,17,2.5,"NF63-CV 40"
801,2,400V,11,22,22,2,Y△,17,2.5,"NF63-CV 50"
802,2,400V,15,28,28,2,Y△,17,2.5,"NF63-CV 60"
803,2,400V,18.5,34,35,2,Y△,17,2.5,"NF63-CV 60"
804,2,400V,22,42,42,2,Y△,17,2.5,☆
805,2,400V,30,55,54,2,Y△,17,2.5,☆
806,2,400V,37,65,67,2,Y△,17,2.5,☆
807,2,400V,45,82,82,2,Y△,17,2.5,☆
808,2,400V,55,96,105,2,Y△,17,2.5,☆
809,2,400V,75,134,125,2,Y△,17,2.5,☆
810,2,400V,90,160,150,2,Y△,17,2.5,☆
811,2,400V,110,192,180,2,Y△,17,2.5,☆
812,2,400V,132,233,250,2,Y△,17,2.5,☆
813,2,400V,160,290,250,2,Y△,17,2.5,☆
814,2,400V,200,360,330,2,Y△,17,2.5,☆
815,2,400V,220,389,0,2,Y△,17,2.5,☆
816,2,400V,250,430,500,2,Y△,17,2.5,☆
817,2,400V,300,500,500,2,Y△,17,2.5,☆
818,2,400V,5.5,11,11,2,Y△,18,7.5,"NF63-SV 30"
819,2,400V,7.5,15,15,2,Y△,18,7.5,"NF63-SV 40"
820,2,400V,11,22,22,2,Y△,18,7.5,"NF63-SV 50"
821,2,400V,15,28,28,2,Y△,18,7.5,"NF63-SV 60"
822,2,400V,18.5,34,35,2,Y△,18,7.5,"NF63-SV 60"
823,2,400V,22,42,42,2,Y△,18,7.5,☆
824,2,400V,30,55,54,2,Y△,18,7.5,☆
825,2,400V,37,65,67,2,Y△,18,7.5,☆
826,2,400V,45,82,82,2,Y△,18,7.5,☆
827,2,400V,55,96,105,2,Y△,18,7.5,☆
828,2,400V,75,134,125,2,Y△,18,7.5,☆
829,2,400V,90,160,150,2,Y△,18,7.5,☆
830,2,400V,110,192,180,2,Y△,18,7.5,☆
831,2,400V,132,233,250,2,Y△,18,7.5,☆
832,2,400V,160,290,250,2,Y△,18,7.5,☆
833,2,400V,200,360,330,2,Y△,18,7.5,☆
834,2,400V,220,389,0,2,Y△,18,7.5,☆
835,2,400V,250,430,500,2,Y△,18,7.5,☆
836,2,400V,300,500,500,2,Y△,18,7.5,☆
837,2,400V,5.5,11,11,2,Y△,19,10,"NF63-HV 30"
838,2,400V,7.5,15,15,2,Y△,19,10,"NF63-HV 40"
839,2,400V,11,22,22,2,Y△,19,10,"NF63-HV 50"
840,2,400V,15,28,28,2,Y△,19,10,"NF125-CV 60"
841,2,400V,18.5,34,35,2,Y△,19,10,"NF125-CV 60"
842,2,400V,22,42,42,2,Y△,19,10,"NF125-CV 75"
843,2,400V,30,55,54,2,Y△,19,10,"NF125-CV 100"
844,2,400V,37,65,67,2,Y△,19,10,"NF125-CV 100"
845,2,400V,45,82,82,2,Y△,19,10,☆
846,2,400V,55,96,105,2,Y△,19,10,☆
847,2,400V,75,134,125,2,Y△,19,10,☆
848,2,400V,90,160,150,2,Y△,19,10,☆
849,2,400V,110,192,180,2,Y△,19,10,☆
850,2,400V,132,233,250,2,Y△,19,10,☆
851,2,400V,160,290,250,2,Y△,19,10,☆
852,2,400V,200,360,330,2,Y△,19,10,☆
853,2,400V,220,389,0,2,Y△,19,10,☆
854,2,400V,250,430,500,2,Y△,19,10,☆
855,2,400V,300,500,500,2,Y△,19,10,☆
856,2,400V,5.5,11,11,2,Y△,20,25,☆
857,2,400V,7.5,15,15,2,Y△,20,25,☆
858,2,400V,11,22,22,2,Y△,20,25,☆
859,2,400V,15,28,28,2,Y△,20,25,☆
860,2,400V,18.5,34,35,2,Y△,20,25,☆
861,2,400V,22,42,42,2,Y△,20,25,☆
862,2,400V,30,55,54,2,Y△,20,25,☆
863,2,400V,37,65,67,2,Y△,20,25,☆
864,2,400V,45,82,82,2,Y△,20,25,☆
865,2,400V,55,96,105,2,Y△,20,25,"NF250-CV 150"
866,2,400V,75,134,125,2,Y△,20,25,"NF250-CV 175"
867,2,400V,90,160,150,2,Y△,20,25,"NF250-CV 225"
868,2,400V,110,192,180,2,Y△,20,25,☆
869,2,400V,132,233,250,2,Y△,20,25,☆
870,2,400V,160,290,250,2,Y△,20,25,☆
871,2,400V,200,360,330,2,Y△,20,25,☆
872,2,400V,220,389,0,2,Y△,20,25,☆
873,2,400V,250,430,500,2,Y△,20,25,☆
874,2,400V,300,500,500,2,Y△,20,25,☆
875,2,400V,5.5,11,11,2,Y△,21,30,"NF125-SV 30"
876,2,400V,7.5,15,15,2,Y△,21,30,"NF125-SV 40"
877,2,400V,11,22,22,2,Y△,21,30,"NF125-SV 50"
878,2,400V,15,28,28,2,Y△,21,30,"NF125-SV 60"
879,2,400V,18.5,34,35,2,Y△,21,30,"NF125-SV 60"
880,2,400V,22,42,42,2,Y△,21,30,"NF125-SV 75"
881,2,400V,30,55,54,2,Y△,21,30,"NF125-SV 100"
882,2,400V,37,65,67,2,Y△,21,30,"NF125-SV 100"
883,2,400V,45,82,82,2,Y△,22,36,"NF250-SV 150"
884,2,400V,55,96,105,2,Y△,22,36,"NF250-SV 175"
885,2,400V,75,134,125,2,Y△,22,36,"NF250-SV 225"
886,2,400V,90,160,150,2,Y△,22,36,"NF250-SEV 225"
887,2,400V,110,192,180,2,Y△,21,30,☆
888,2,400V,132,233,250,2,Y△,21,30,☆
889,2,400V,160,290,250,2,Y△,21,30,☆
890,2,400V,200,360,330,2,Y△,21,30,☆
891,2,400V,220,389,0,2,Y△,21,30,☆
892,2,400V,250,430,500,2,Y△,21,30,☆
893,2,400V,300,500,500,2,Y△,21,30,☆
894,2,400V,5.5,11,11,2,Y△,21,30,"NF63-HRV 30"
895,2,400V,7.5,15,15,2,Y△,21,30,"NF63-HRV 40"
896,2,400V,11,22,22,2,Y△,21,30,"NF63-HRV 50"
897,2,400V,15,28,28,2,Y△,21,30,☆
898,2,400V,18.5,34,35,2,Y△,21,30,☆
899,2,400V,22,42,42,2,Y△,21,30,☆
900,2,400V,30,55,54,2,Y△,21,30,☆
901,2,400V,37,65,67,2,Y△,21,30,☆
902,2,400V,45,82,82,2,Y△,21,30,☆
903,2,400V,55,96,105,2,Y△,21,30,☆
904,2,400V,75,134,125,2,Y△,21,30,☆
905,2,400V,90,160,150,2,Y△,21,30,☆
906,2,400V,110,192,180,2,Y△,21,30,☆
907,2,400V,132,233,250,2,Y△,21,30,☆
908,2,400V,160,290,250,2,Y△,21,30,☆
909,2,400V,200,360,330,2,Y△,21,30,☆
910,2,400V,220,389,0,2,Y△,21,30,☆
911,2,400V,250,430,500,2,Y△,21,30,☆
912,2,400V,300,500,500,2,Y△,21,30,☆
913,2,400V,5.5,11,11,2,Y△,24,50,"NF125-HV 30"
914,2,400V,7.5,15,15,2,Y△,24,50,"NF125-HV 40"
915,2,400V,11,22,22,2,Y△,24,50,"NF125-HV 50"
916,2,400V,15,28,28,2,Y△,24,50,"NF125-HV 60"
917,2,400V,18.5,34,35,2,Y△,24,50,"NF125-HV 60"
918,2,400V,22,42,42,2,Y△,24,50,"NF125-HV 75"
919,2,400V,30,55,54,2,Y△,24,50,"NF125-HV 100"
920,2,400V,37,65,67,2,Y△,24,50,"NF125-HV 100"
921,2,400V,45,82,82,2,Y△,24,50,☆
922,2,400V,55,96,105,2,Y△,24,50,☆
923,2,400V,75,134,125,2,Y△,24,50,☆
924,2,400V,90,160,150,2,Y△,24,50,☆
925,2,400V,110,192,180,2,Y△,23,45,"NF400-SW 350"
926,2,400V,132,233,250,2,Y△,23,45,"NF400-SW 400"
927,2,400V,160,290,250,2,Y△,24,50,"NF630-SW 500"
928,2,400V,200,360,330,2,Y△,24,50,"NF630-SW 600"
929,2,400V,220,389,0,2,Y△,24,50,"NF630-SW 600"
930,2,400V,250,430,500,2,Y△,24,50,"NF630-SEW 600"
931,2,400V,300,500,500,2,Y△,24,50,"NF800-SEW 700"
932,2,400V,5.5,11,11,2,Y△,25,70,☆
933,2,400V,7.5,15,15,2,Y△,25,70,☆
934,2,400V,11,22,22,2,Y△,25,70,☆
935,2,400V,15,28,28,2,Y△,25,70,☆
936,2,400V,18.5,34,35,2,Y△,25,70,☆
937,2,400V,22,42,42,2,Y△,25,70,☆
938,2,400V,30,55,54,2,Y△,25,70,☆
939,2,400V,37,65,67,2,Y△,25,70,☆
940,2,400V,45,82,82,2,Y△,25,70,"NF250-HV 150"
941,2,400V,55,96,105,2,Y△,25,70,"NF250-HV 175"
942,2,400V,75,134,125,2,Y△,25,70,"NF250-HV 225"
943,2,400V,90,160,150,2,Y△,25,70,"NF400-HEW 225"
944,2,400V,110,192,180,2,Y△,25,70,"NF400-HEW 300"
945,2,400V,132,233,250,2,Y△,25,70,"NF400-HEW 400"
946,2,400V,160,290,250,2,Y△,25,70,"NF630-HEW 500"
947,2,400V,200,360,330,2,Y△,25,70,"NF630-HEW 600"
948,2,400V,220,389,0,2,Y△,25,70,"NF630-HEW 600"
949,2,400V,250,430,500,2,Y△,25,70,"NF630-HEW 600"
950,2,400V,300,500,500,2,Y△,25,70,"NF800-HEW 700"
951,2,400V,5.5,11,11,2,Y△,27,150,"NF125-RV 30"
952,2,400V,7.5,15,15,2,Y△,27,150,"NF125-RV 40"
953,2,400V,11,22,22,2,Y△,27,150,"NF125-RV 50"
954,2,400V,15,28,28,2,Y△,27,150,"NF125-RV 60"
955,2,400V,18.5,34,35,2,Y△,27,150,"NF125-RV 60"
956,2,400V,22,42,42,2,Y△,27,150,"NF125-RV 75"
957,2,400V,30,55,54,2,Y△,27,150,"NF125-RV 100"
958,2,400V,37,65,67,2,Y△,27,150,"NF125-RV 100"
959,2,400V,45,82,82,2,Y△,27,150,"NF250-RV 150"
960,2,400V,55,96,105,2,Y△,27,150,"NF250-RV 175"
961,2,400V,75,134,125,2,Y△,27,150,"NF250-RV 225"
962,2,400V,90,160,150,2,Y△,26,125,"NF400-REW 225"
963,2,400V,110,192,180,2,Y△,26,125,"NF400-REW 300"
964,2,400V,132,233,250,2,Y△,26,125,"NF400-REW 400"
965,2,400V,160,290,250,2,Y△,26,125,"NF630-REW 500"
966,2,400V,200,360,330,2,Y△,26,125,"NF630-REW 600"
967,2,400V,220,389,0,2,Y△,26,125,"NF630-REW 600"
968,2,400V,250,430,500,2,Y△,26,125,"NF630-REW 600"
969,2,400V,300,500,500,2,Y△,26,125,"NF800-REW 700"
970,2,400V,5.5,11,11,2,Y△,28,200,"NF125-UV 30"
971,2,400V,7.5,15,15,2,Y△,28,200,"NF125-UV 40"
972,2,400V,11,22,22,2,Y△,28,200,"NF125-UV 50"
973,2,400V,15,28,28,2,Y△,28,200,"NF125-UV 60"
974,2,400V,18.5,34,35,2,Y△,28,200,"NF125-UV 60"
975,2,400V,22,42,42,2,Y△,28,200,"NF125-UV 75"
976,2,400V,30,55,54,2,Y△,28,200,"NF125-UV 100"
977,2,400V,37,65,67,2,Y△,28,200,"NF125-UV 100"
978,2,400V,45,82,82,2,Y△,28,200,"NF250-UV 150"
979,2,400V,55,96,105,2,Y△,28,200,"NF250-UV 175"
980,2,400V,75,134,125,2,Y△,28,200,"NF250-UV 225"
981,2,400V,90,160,150,2,Y△,28,200,"NF400-UEW 225"
982,2,400V,110,192,180,2,Y△,28,200,"NF400-UEW 300"
983,2,400V,132,233,250,2,Y△,28,200,"NF400-UEW 400"
984,2,400V,160,290,250,2,Y△,28,200,"NF800-UEW 500"
985,2,400V,200,360,330,2,Y△,28,200,"NF800-UEW 600"
986,2,400V,220,389,0,2,Y△,28,200,"NF800-UEW 600"
987,2,400V,250,430,500,2,Y△,28,200,"NF800-UEW 700"
988,2,400V,300,500,500,2,Y△,28,200,"NF800-UEW 700"
